cliente;status;scontoSpeciale;sconto;prezzo;giorno;ts;NOTE;salamella;speck e brie;tomino e speck;cotto e fontina;hot dog;vegeta;panzerotti;hamburger;double burger;pata;anelli cip;panzerottini;verdure grigliate;piadine nutella;acqua;bibite;birra;spritz
cli:11;STBY;0.0;4.0;34.0;lun;2024-09-23 19:05:23.990280;tristezza con fontinaun invidia senza peperoni;0;0;3;3;0;1;0;0;0;4;0;0;0;0;0;0;0;0
cli:12;DONE;0.0;0.0;4.0;lun;2024-09-23 19:56:46.416578;senza pane;1;0;0;0;0;0;0;0;0;0;0;0;0;0;0;0;0;0
cli:13;DONE;0.0;2.0;17.5;lun;2024-09-23 20:00:32.373778;;0;1;0;0;0;0;1;0;0;2;0;1;0;0;0;0;1;0
cli:15;DONE;0.0;4.0;25.0;lun;2024-09-23 20:02:43.398567;2 nostalgia solo salamella senza verdure ;3;0;0;1;0;0;0;0;0;4;0;0;0;0;3;0;0;0
cli:16;DONE;0.0;2.0;16.0;lun;2024-09-23 20:04:52.266013;tristezza con speck e fontina;0;0;0;1;0;1;0;1;0;2;0;0;0;0;0;0;0;0
cli:17;DONE;9.5;10.5;0.0;lun;2024-09-23 20:07:08.536593;pnino salamella senza verdurepanino salamella con dentro patatine -lorena e colombo;2;0;0;0;0;0;0;0;0;1;0;0;0;0;0;0;0;0
cli:18;DONE;0.0;0.0;5.0;lun;2024-09-23 20:09:20.852049;;0;0;0;0;0;0;0;0;0;0;0;0;0;2;0;0;0;0
cli:19;DONE;0.0;1.0;6.5;lun;2024-09-23 20:10:46.132402;;0;0;0;0;0;0;0;1;0;1;0;0;0;0;0;0;0;0
cli:20;DONE;0.0;2.0;16.0;lun;2024-09-23 20:13:24.841235;;0;0;0;0;0;0;0;2;0;2;0;0;0;0;0;2;0;0
cli:21;DONE;0.0;1.0;5.5;lun;2024-09-23 20:16:06.986956;;0;0;0;1;0;0;0;0;0;1;0;0;0;0;0;0;0;0
cli:22;DONE;0.0;2.0;12.0;lun;2024-09-23 20:20:31.464576;hamburger senza cipolle e cetriolini;0;1;0;0;0;0;0;1;0;2;0;0;0;0;0;0;0;0
cli:23;DONE;0.0;0.0;2.5;lun;2024-09-23 20:21:12.840951;;0;0;0;0;0;0;0;0;0;1;0;0;0;0;0;0;0;0
cli:24;DONE;0.0;1.0;8.0;lun;2024-09-23 20:25:18.268314;;0;0;0;0;1;0;0;0;0;2;0;0;0;0;0;0;0;0
cli:25;DONE;0.0;1.0;7.5;lun;2024-09-23 20:44:34.607540;;0;0;0;0;0;0;0;1;0;1;0;0;0;0;1;0;0;0
cli:26;DONE;0.0;1.0;10.5;lun;2024-09-23 20:47:02.412182;;1;0;0;0;0;0;0;1;0;1;0;0;0;0;0;0;0;0
cli:27;DONE;2.5;2.5;0.0;lun;2024-09-23 21:06:35.586555;marti nasca;0;0;0;0;0;0;0;0;0;1;0;0;0;0;0;0;0;0
cli:27;DONE;0.0;0.0;2.5;lun;2024-09-23 21:34:35.362495;;0;0;0;0;0;0;0;0;0;0;0;1;0;0;0;0;0;0
cli:27;DONE;0.0;0.0;12.0;lun;2024-09-23 21:43:26.832835;1 salamella senza verdure, 1 sala senza zucchine;3;0;0;0;0;0;0;0;0;0;0;0;0;0;0;0;0;0
cli:29;DONE;0.0;0.0;2.5;mar;2024-09-24 19:45:05.164228;;0;0;0;0;0;0;0;0;0;0;0;1;0;0;0;0;0;0
cli:30;DONE;0.0;2.0;14.0;mar;2024-09-24 19:49:04.191957;;0;0;0;0;0;0;0;1;1;2;0;0;0;0;0;0;0;0
cli:31;DONE;0.0;0.0;8.0;mar;2024-09-24 19:50:16.490839;SALAMELLA è PANINO ANSIA;1;0;0;0;1;0;0;0;0;0;0;0;0;0;0;0;0;0
cli:32;DONE;0.0;0.0;2.5;mar;2024-09-24 19:51:10.900216;;0;0;0;0;0;0;0;0;0;0;0;1;0;0;0;0;0;0
cli:33;DONE;0.0;1.0;14.5;mar;2024-09-24 19:52:54.402388;hamburger no cetrioline e cipolle;0;0;1;0;0;0;0;1;0;1;0;0;0;0;0;0;1;0
cli:34;DONE;0.0;1.0;10.5;mar;2024-09-24 19:56:42.431761;hamburger senza cipollesalamella peperoni e ciopolle;1;0;0;0;0;0;0;1;0;1;0;0;0;0;0;0;0;0
cli:35;DONE;0.0;0.0;4.0;mar;2024-09-24 19:58:26.210351;salamella è ansia;1;0;0;0;0;0;0;0;0;0;0;0;0;0;0;0;0;0
cli:36;DONE;0.0;0.0;12.0;mar;2024-09-24 19:59:04.183933;;0;0;1;0;0;0;0;0;0;0;0;0;0;0;0;0;2;0
cli:37;DONE;0.0;0.0;2.5;mar;2024-09-24 20:00:21.658059;;0;0;0;0;0;0;0;0;0;1;0;0;0;0;0;0;0;0
cli:38;DONE;0.0;0.0;2.5;mar;2024-09-24 20:01:09.816017;;0;0;0;0;0;0;0;0;0;1;0;0;0;0;0;0;0;0
cli:39;DONE;0.0;0.0;2.5;mar;2024-09-24 20:10:01.605413;;0;0;0;0;0;0;0;0;0;1;0;0;0;0;0;0;0;0
cli:40;DONE;0.0;2.0;12.0;mar;2024-09-24 20:18:35.015116;;0;1;0;0;0;0;0;1;0;1;0;1;0;0;0;0;0;0
cli:41;DONE;0.0;1.0;5.5;mar;2024-09-24 20:38:08.465456;no speck si verdure;0;0;1;0;0;0;0;0;0;0;0;0;0;1;0;0;0;0
cli:42;DONE;0.0;0.0;4.0;mar;2024-09-24 20:45:13.004485;;0;0;0;1;0;0;0;0;0;0;0;0;0;0;0;0;0;0
cli:43;DONE;0.0;0.0;2.5;mar;2024-09-24 20:54:46.034688;;0;0;0;0;0;0;0;0;0;0;0;0;0;1;0;0;0;0
cli:44;DONE;5.5;6.5;0.0;mar;2024-09-24 20:56:48.243321;PASTIC;0;0;0;0;1;0;0;0;0;1;0;0;0;0;0;0;0;0
cli:45;DONE;0.0;2.0;11.0;mar;2024-09-24 20:57:22.124566;;1;0;0;1;0;0;0;0;0;1;0;1;0;0;0;0;0;0
cli:46;DONE;0.0;0.0;2.5;mar;2024-09-24 20:58:35.113337;;0;0;0;0;0;0;0;0;0;0;0;0;0;1;0;0;0;0
cli:47;DONE;0.0;0.0;2.5;mar;2024-09-24 21:10:10.705020;;0;0;0;0;0;0;0;0;0;1;0;0;0;0;0;0;0;0
cli:48;DONE;0.0;0.0;2.5;mar;2024-09-24 21:13:29.983819;;0;0;0;0;0;0;0;0;0;1;0;0;0;0;0;0;0;0
cli:49;DONE;4.0;4.0;0.0;mar;2024-09-24 21:17:19.615707;;1;0;0;0;0;0;0;0;0;0;0;0;0;0;0;0;0;0
cli:50;DONE;0.0;0.0;2.5;mar;2024-09-24 21:27:52.880113;;0;0;0;0;0;0;0;0;0;0;0;1;0;0;0;0;0;0
cli:50;DONE;0.0;2.0;19.0;mar;2024-09-24 21:51:12.772960;inizio;0;0;0;3;0;0;0;0;0;2;0;0;0;0;0;0;1;0
cli:51;DONE;0.0;0.0;12.0;mar;2024-09-24 21:51:27.010352;inizio;3;0;0;0;0;0;0;0;0;0;0;0;0;0;0;0;0;0
cli:52;DONE;0.0;0.0;5.0;mar;2024-09-24 21:51:36.002238;inizio;0;0;0;0;0;0;0;0;0;2;0;0;0;0;0;0;0;0
cli:53;DONE;0.0;2.0;11.0;mar;2024-09-24 21:52:37.211056;inizio;1;0;0;0;1;0;0;0;0;2;0;0;0;0;0;0;0;0
cli:54;DONE;0.0;2.0;15.0;mar;2024-09-24 21:52:58.349269;inizio;0;0;0;0;2;0;0;0;0;2;0;0;0;0;0;0;1;0
cli:55;DONE;0.0;3.0;23.0;mar;2024-09-24 21:53:51.561050;inizio;3;0;0;0;0;0;0;0;0;2;0;2;0;0;0;0;1;0
cli:56;DONE;0.0;0.0;2.5;mar;2024-09-24 21:54:00.436013;inizio;0;0;0;0;0;0;0;0;0;1;0;0;0;0;0;0;0;0
cli:57;DONE;0.0;0.0;2.5;mar;2024-09-24 21:54:05.347246;inizio;0;0;0;0;0;0;0;0;0;1;0;0;0;0;0;0;0;0
cli:58;DONE;0.0;1.0;21.5;mar;2024-09-24 21:54:33.782266;inizio;1;2;1;0;0;0;0;0;0;1;0;0;0;0;0;0;1;0
cli:59;DONE;0.0;3.0;18.5;mar;2024-09-24 21:55:21.021565;inizio;1;0;0;0;0;0;0;2;0;3;0;0;0;0;0;0;0;0
cli:61;DONE;0.0;0.0;12.0;mar;2024-09-24 22:01:32.234820;;2;0;0;0;0;0;0;0;0;0;0;0;0;0;0;0;1;0
cli:62;DONE;0.0;0.0;2.5;mar;2024-09-24 22:02:32.524820;;0;0;0;0;0;0;0;0;0;0;0;0;0;1;0;0;0;0
cli:63;DONE;0.0;0.0;4.0;mar;2024-09-24 22:22:28.691271;;0;0;0;0;0;0;0;0;0;0;0;0;0;0;0;0;1;0
cli:64;DONE;0.0;1.0;9.5;mar;2024-09-24 22:25:54.372464;salamella 1 peperoni +1 completa;2;0;0;0;0;0;0;0;0;1;0;0;0;0;0;0;0;0
cli:65;DONE;0.0;0.0;2.5;mar;2024-09-24 22:26:09.358050;;0;0;0;0;0;0;0;0;0;1;0;0;0;0;0;0;0;0
cli:66;DONE;0.0;0.0;2.5;mar;2024-09-24 22:29:44.829140;;0;0;0;0;0;0;0;0;0;0;0;0;0;1;0;0;0;0
cli:67;DONE;0.0;0.0;9.0;mar;2024-09-24 22:32:34.194331;;0;0;0;0;0;0;0;0;0;2;0;0;0;0;0;0;1;0
cli:68;DONE;0.0;0.0;8.0;mar;2024-09-24 22:32:53.862376;;1;0;0;0;0;0;0;0;0;0;0;0;0;0;0;0;1;0
cli:69;DONE;0.0;2.0;15.0;mar;2024-09-24 22:35:06.378723;;2;0;0;0;0;0;0;0;0;2;0;0;0;0;0;0;1;0
nullo;DONE;1.0;1.0;0.0;mar;2024-09-24 22:45:26.740557;;0;0;0;0;0;0;0;0;0;0;0;0;0;0;1;0;0;0
nullo2;DONE;1.0;1.0;0.0;mar;2024-09-24 22:45:42.965722;;0;0;0;0;0;0;0;0;0;0;0;0;0;0;1;0;0;0
cli:71;DONE;0.0;0.0;2.5;mar;2024-09-24 22:46:42.864466;;0;0;0;0;0;0;0;0;0;1;0;0;0;0;0;0;0;0
cli:73;DONE;0.0;2.0;31.0;mar;2024-09-24 23:46:31.414060;inizio;2;0;1;0;0;1;0;0;0;2;0;0;0;0;0;0;3;0
cli:74;DONE;4.0;4.0;0.0;mer;2024-09-25 19:11:48.525461;BARASCROCCO cn maionese senza verdure;1;0;0;0;0;0;0;0;0;0;0;0;0;0;0;0;0;0
cli:75;DONE;0.0;3.0;23.0;mer;2024-09-25 19:19:26.094428;sala con cipolle, sala senza cipolle, ;2;0;0;0;1;0;0;0;0;3;0;1;0;0;0;0;1;0
cli:76;DONE;0.0;2.0;15.0;mer;2024-09-25 19:20:15.353967;;0;0;0;0;1;0;1;0;0;2;0;0;0;0;0;0;1;0
cli:77;DONE;0.0;4.0;27.0;mer;2024-09-25 19:27:49.262927;cotto con solo zucchine, ;1;1;0;1;1;0;0;0;0;5;0;0;0;1;0;0;0;0
cli:78;DONE;0.0;3.0;16.5;mer;2024-09-25 19:36:24.340050;;1;0;1;0;1;0;0;0;0;3;0;0;0;0;0;0;0;0
cli:79;DONE;0.0;1.0;5.5;mer;2024-09-25 19:39:06.335641;;0;0;0;0;0;0;1;0;0;1;0;0;0;0;0;0;0;0
cli:78;DONE;0.0;0.0;5.0;mer;2024-09-25 19:39:38.683632;;0;0;0;0;0;0;0;0;0;0;0;2;0;0;0;0;0;0
cli:80;DONE;0.0;0.0;4.0;mer;2024-09-25 19:40:39.834802;;1;0;0;0;0;0;0;0;0;0;0;0;0;0;0;0;0;0
cli:81;DONE;0.0;1.0;13.5;mer;2024-09-25 19:42:48.158147;salamella con zucchina, salamella con cip e peperoni;2;0;0;0;0;0;1;0;0;1;0;0;0;0;0;0;0;0
cli:82;DONE;0.0;0.0;4.0;mer;2024-09-25 19:43:42.233505;cotto senza verdure;0;0;0;1;0;0;0;0;0;0;0;0;0;0;0;0;0;0
cli:83;DONE;0.0;2.0;22.0;mer;2024-09-25 19:45:56.948046;sala senza verdure gru;1;0;0;0;0;0;0;1;1;2;0;0;0;0;0;0;1;0
cli:84;DONE;0.0;0.0;2.5;mer;2024-09-25 19:48:13.155668;;0;0;0;0;0;0;0;0;0;0;0;1;0;0;0;0;0;0
cli:86;DONE;0.0;2.0;16.0;mer;2024-09-25 19:53:32.992250;verdure con fontina;0;0;0;0;0;1;0;1;0;2;0;0;0;0;0;0;1;0
cli:87;DONE;0.0;0.0;2.5;mer;2024-09-25 19:53:56.837482;;0;0;0;0;0;0;0;0;0;0;0;1;0;0;0;0;0;0
cli:88;DONE;0.0;0.0;2.5;mer;2024-09-25 19:54:52.669010;;0;0;0;0;0;0;0;0;0;0;1;0;0;0;0;0;0;0
cli:89;DONE;0.0;0.0;4.0;mer;2024-09-25 19:55:59.924695;formaggio bello fuso;0;0;0;0;0;1;0;0;0;0;0;0;0;0;0;0;0;0
cli:90;DONE;0.0;1.0;9.5;mer;2024-09-25 19:58:23.702017;NASCAAAAAAAAAAAAAAAAAA;0;0;0;1;0;0;1;0;0;1;0;0;0;0;0;0;0;0
cli:91;DONE;0.0;0.0;4.0;mer;2024-09-25 19:59:03.242211;;0;0;0;1;0;0;0;0;0;0;0;0;0;0;0;0;0;0
cli:92;DONE;0.0;5.0;33.0;mer;2024-09-25 20:01:33.030954;;3;0;0;0;0;0;0;1;1;4;0;2;0;0;0;0;0;0
cli:93;DONE;0.0;2.0;12.0;mer;2024-09-25 20:14:03.577432;sala senza verduere con maionese, para con maio;1;0;0;0;0;0;0;1;0;1;0;1;0;0;0;0;0;0
cli:94;DONE;0.0;2.0;13.0;mer;2024-09-25 20:17:35.584797;;0;0;0;0;0;0;0;2;0;2;0;0;0;0;0;0;0;0
cli:95;DONE;0.0;1.0;9.5;mer;2024-09-25 20:18:24.911254;;0;1;0;0;1;0;0;0;0;1;0;0;0;0;0;0;0;0
cli:96;DONE;0.0;2.0;17.0;mer;2024-09-25 20:19:34.375724;;0;0;0;0;0;0;2;0;1;1;0;1;0;0;0;0;0;0
cli:96;DONE;1.0;1.0;3.0;mer;2024-09-25 20:24:58.679083;;0;0;0;0;0;0;0;0;0;0;0;0;0;0;0;0;1;0
cli:97;DONE;0.0;0.0;4.0;mer;2024-09-25 20:28:05.331222;;1;0;0;0;0;0;0;0;0;0;0;0;0;0;0;0;0;0
cli:98;DONE;0.0;0.0;4.0;mer;2024-09-25 20:28:20.903862;;1;0;0;0;0;0;0;0;0;0;0;0;0;0;0;0;0;0
cli:100;DONE;0.0;2.0;12.0;mer;2024-09-25 20:58:11.473539;;0;1;0;0;0;0;0;1;0;2;0;0;0;0;0;0;0;0
cli:100;DONE;0.0;0.0;4.0;mer;2024-09-25 20:59:46.450091;;0;0;0;0;0;0;0;0;0;0;0;0;0;0;0;0;1;0
cli:101;DONE;0.0;0.0;2.5;mer;2024-09-25 21:01:57.768013;f. monza;0;0;0;0;0;0;0;0;0;0;0;0;0;1;0;0;0;0
cli:102;DONE;0.0;0.0;4.0;mer;2024-09-25 21:03:57.785068;;0;0;0;0;0;0;0;0;0;0;0;0;0;0;0;0;1;0
cli:103;DONE;10.0;11.0;0.0;mer;2024-09-25 21:26:43.907763;DIEGOOOOOOOOOOOOOOOOOOOOOOOOOOOOOOOOOOOOOOOOOOOO + pepsi;0;0;0;0;0;0;0;0;1;1;0;1;0;0;0;0;0;0
cli:104;DONE;0.0;0.0;2.5;mer;2024-09-25 21:27:56.274555;marta;0;0;0;0;0;0;0;0;0;0;0;0;0;1;0;0;0;0
cli:105;DONE;2.5;2.5;0.0;mer;2024-09-25 21:31:19.164160;SAMMY;0;0;0;0;0;0;0;0;0;0;0;1;0;0;0;0;0;0
cli:106;DONE;0.0;0.0;2.5;mer;2024-09-25 21:35:26.033597;;0;0;0;0;0;0;0;0;0;0;0;0;0;1;0;0;0;0
cli:107;STBY;0.0;7.0;84.0;mer;2024-09-25 21:48:54.766983;;11;0;0;0;0;0;0;0;0;7;0;0;0;0;0;1;7;0
cli:108;DONE;0.0;0.0;2.5;mer;2024-09-25 21:53:57.563472;;0;0;0;0;0;0;0;0;0;0;0;0;0;1;0;0;0;0
cli:110;DONE;0.0;1.0;10.5;gio;2024-09-26 19:31:31.650919;ham: pomodoro,insalata, kecjup;0;0;0;0;1;0;0;1;0;1;0;0;0;0;0;0;0;0
cli:110;DONE;0.0;1.0;10.5;gio;2024-09-26 19:34:18.853951;salamella:pepeperoni e maio;1;0;0;0;0;0;0;0;0;2;0;0;0;1;0;0;0;0
cli:111;DONE;0.0;2.0;23.0;gio;2024-09-26 19:35:50.284722;;0;0;1;0;0;0;0;2;0;1;1;0;0;0;0;0;0;2
cli:112;DONE;0.0;1.0;5.5;gio;2024-09-26 19:38:58.061364;sala senza verdure;1;0;0;0;0;0;0;0;0;1;0;0;0;0;0;0;0;0
cli:113;TODO;0.0;1.0;5.5;gio;2024-09-26 19:39:23.395710;;0;0;0;0;1;0;0;0;0;1;0;0;0;0;0;0;0;0
cli:114;TODO;0.0;1.0;5.5;gio;2024-09-26 19:39:47.909155;;1;0;0;0;0;0;0;0;0;1;0;0;0;0;0;0;0;0
cli:115;TODO;0.0;1.0;8.0;gio;2024-09-26 19:41:29.346140;salamella senza verdure;1;0;0;0;0;0;0;0;0;1;0;1;0;0;0;0;0;0
cli:116;DONE;0.0;1.0;5.5;gio;2024-09-26 19:42:46.212436;salamella senza verdure;1;0;0;0;0;0;0;0;0;1;0;0;0;0;0;0;0;0
cli:117;TODO;0.0;1.0;7.5;gio;2024-09-26 19:45:11.056577;;0;0;0;0;0;0;0;0;1;1;0;0;0;0;0;0;0;0
cli:118;TODO;0.0;1.0;5.5;gio;2024-09-26 19:45:46.218532;sala senza verdure;1;0;0;0;0;0;0;0;0;1;0;0;0;0;0;0;0;0
cli:119;TODO;0.0;3.0;17.5;gio;2024-09-26 19:47:44.515279;;2;0;0;0;0;0;0;1;0;2;0;1;0;0;0;0;0;0
cli:120;DONE;0.0;0.0;4.0;gio;2024-09-26 19:49:08.593571;;1;0;0;0;0;0;0;0;0;0;0;0;0;0;0;0;0;0
cli:121;TODO;0.0;0.0;5.0;gio;2024-09-26 19:50:18.282857;;0;0;0;0;0;0;0;1;0;0;0;0;0;0;0;0;0;0
cli:122;TODO;0.0;0.0;6.5;gio;2024-09-26 19:52:13.704418;;0;0;0;0;0;0;0;0;0;0;1;0;0;0;0;0;1;0
cli:123;TODO;0.0;0.0;9.0;gio;2024-09-26 19:52:30.585042;senza cheddar;0;0;0;0;0;0;0;1;0;0;0;0;0;0;0;0;1;0
cli:124;TODO;0.0;0.0;4.0;gio;2024-09-26 19:52:57.428968;no verdure nella sala;1;0;0;0;0;0;0;0;0;0;0;0;0;0;0;0;0;0
cli:125;TODO;0.0;1.0;8.5;gio;2024-09-26 19:53:37.964612;;1;0;0;0;0;0;0;0;0;0;1;0;0;0;0;0;0;1
cli:126;TODO;0.0;1.0;6.5;gio;2024-09-26 19:54:30.278001;;0;0;0;0;0;0;0;1;0;1;0;0;0;0;0;0;0;0
cli:127;TODO;0.0;1.0;6.5;gio;2024-09-26 19:55:12.517583;;0;0;0;0;0;0;0;1;0;1;0;0;0;0;0;0;0;0
cli:128;TODO;0.0;3.0;27.5;gio;2024-09-26 19:57:33.997557;;1;0;0;0;1;0;0;0;1;1;1;3;0;0;0;0;1;0
cli:130;DONE;0.0;0.0;5.0;gio;2024-09-26 19:58:04.861201;ham senza cipolle;0;0;0;0;0;0;0;1;0;0;0;0;0;0;0;0;0;0
cli:1388;DONE;0.0;0.0;8.0;gio;2024-09-26 20:00:13.807168;no fontina nel cotto;0;0;1;1;0;0;0;0;0;0;0;0;0;0;0;0;0;0
cli:131;DONE;0.0;1.0;5.5;gio;2024-09-26 20:01:17.834849;;0;0;0;0;1;0;0;0;0;1;0;0;0;0;0;0;0;0
cli:132;DONE;0.0;1.0;5.5;gio;2024-09-26 20:02:30.704034;solo salamella;1;0;0;0;0;0;0;0;0;1;0;0;0;0;0;0;0;0
cli:133;DONE;0.0;1.0;5.5;gio;2024-09-26 20:03:13.685538;;0;0;0;0;1;0;0;0;0;1;0;0;0;0;0;0;0;0
cli:134;TODO;0.0;0.0;4.0;gio;2024-09-26 20:04:39.394310;;0;0;0;0;0;0;1;0;0;0;0;0;0;0;0;0;0;0
cli:135;DONE;0.0;0.0;5.0;gio;2024-09-26 20:05:29.137360;;0;0;0;0;0;0;0;1;0;0;0;0;0;0;0;0;0;0
cli:136;TODO;0.0;1.0;5.5;gio;2024-09-26 20:08:41.318355;ansia = sala;1;0;0;0;0;0;0;0;0;0;0;1;0;0;0;0;0;0
cli:137;TODO;0.0;1.0;8.0;gio;2024-09-26 20:09:39.639487;;1;0;0;0;0;0;0;0;0;1;1;0;0;0;0;0;0;0
cli:138;DONE;0.0;1.0;5.5;gio;2024-09-26 20:12:24.999284;no verdure sala;1;0;0;0;0;0;0;0;0;1;0;0;0;0;0;0;0;0
cli:139;TODO;0.0;1.0;7.5;gio;2024-09-26 20:12:34.557887;;0;0;0;0;0;0;0;0;1;0;0;1;0;0;0;0;0;0
cli:140;DONE;0.0;1.0;6.5;gio;2024-09-26 20:13:50.892237;;0;0;0;0;0;0;0;1;0;1;0;0;0;0;0;0;0;0
cli:141;DONE;0.0;0.0;4.0;gio;2024-09-26 20:15:34.812837;;0;1;0;0;0;0;0;0;0;0;0;0;0;0;0;0;0;0
cli:142;DONE;0.0;1.0;5.5;gio;2024-09-26 20:16:17.518589;;1;0;0;0;0;0;0;0;0;1;0;0;0;0;0;0;0;0
cli:143;DONE;0.0;1.0;5.5;gio;2024-09-26 20:17:48.389208;;0;1;0;0;0;0;0;0;0;1;0;0;0;0;0;0;0;0
cli:144;DONE;0.0;1.0;8.0;gio;2024-09-26 20:18:17.575408;salamella solo peperoni;1;0;0;0;0;0;0;0;0;1;0;1;0;0;0;0;0;0
cli:145;DONE;0.0;3.0;26.5;gio;2024-09-26 20:21:17.942629;hamburger entrambi solo pomodori;0;0;0;0;1;0;0;2;0;3;0;0;0;0;0;0;2;0
cli:146;DONE;0.0;0.0;8.0;gio;2024-09-26 20:21:53.513830;;0;0;1;0;0;0;1;0;0;0;0;0;0;0;0;0;0;0
cli:147;DONE;0.0;0.0;8.0;gio;2024-09-26 20:22:49.909622;;1;0;0;1;0;0;0;0;0;0;0;0;0;0;0;0;0;0
cli:148;DONE;0.0;0.0;5.0;gio;2024-09-26 20:23:14.005256;hamb senza ccetriolini;0;0;0;0;0;0;0;1;0;0;0;0;0;0;0;0;0;0
cli:149;DONE;0.0;0.0;4.0;gio;2024-09-26 20:24:35.950913;sala=ansia, panino senza semi;1;0;0;0;0;0;0;0;0;0;0;0;0;0;0;0;0;0
cli:150;DONE;0.0;1.0;7.5;gio;2024-09-26 20:25:17.921995;panino senza verdure;0;0;0;0;0;0;0;0;1;1;0;0;0;0;0;0;0;0
cli:151;DONE;0.0;1.0;7.5;gio;2024-09-26 20:26:47.287302;senza cipolle;0;0;0;0;0;0;0;0;1;1;0;0;0;0;0;0;0;0
cli:152;DONE;0.0;2.0;11.0;gio;2024-09-26 20:28:49.371037;;2;0;0;0;0;0;0;0;0;2;0;0;0;0;0;0;0;0
cli:153;DONE;0.0;1.0;6.5;gio;2024-09-26 20:30:38.065260;senza cipolle;0;0;0;0;0;0;0;1;0;1;0;0;0;0;0;0;0;0
cli:154;DONE;0.0;0.0;5.0;gio;2024-09-26 20:31:04.824910;senza cetriolini;0;0;0;0;0;0;0;1;0;0;0;0;0;0;0;0;0;0
cli:155;DONE;0.0;0.0;5.0;gio;2024-09-26 20:31:37.423068;;0;0;0;0;0;0;0;1;0;0;0;0;0;0;0;0;0;0
cli:156;DONE;0.0;0.0;5.0;gio;2024-09-26 20:31:57.794605;;0;0;0;0;0;0;0;0;0;1;0;1;0;0;0;0;0;0
cli:157;DONE;0.0;0.0;2.5;gio;2024-09-26 20:32:29.724823;;0;0;0;0;0;0;0;0;0;1;0;0;0;0;0;0;0;0
cli:158;DONE;0.0;1.0;11.5;gio;2024-09-26 20:33:15.992202;;0;0;0;0;0;0;0;0;1;1;0;0;0;0;0;0;1;0
cli:159;DONE;0.0;2.0;15.0;gio;2024-09-26 20:34:37.011081;1 ansia = 1 sala;2;0;0;0;0;0;0;0;0;0;1;0;1;0;0;0;1;0
cli:160;DONE;0.0;4.0;28.0;gio;2024-09-26 20:36:48.476782;2 ham senza cetriolini;1;0;1;0;0;0;0;2;0;1;0;3;0;0;0;0;1;0
cli:161;DONE;0.0;0.0;2.5;gio;2024-09-26 20:37:20.433479;;0;0;0;0;0;0;0;0;0;1;0;0;0;0;0;0;0;0
cli:162;DONE;0.0;0.0;2.5;gio;2024-09-26 20:38:17.469592;;0;0;0;0;0;0;0;0;0;1;0;0;0;0;0;0;0;0
cli:163;DONE;0.0;1.0;5.5;gio;2024-09-26 20:38:54.809124;solo salamella e pane;1;0;0;0;0;0;0;0;0;1;0;0;0;0;0;0;0;0
cli:164;DONE;0.0;0.0;2.5;gio;2024-09-26 20:39:06.420985;;0;0;0;0;0;0;0;0;0;0;0;0;0;1;0;0;0;0
cli:165;DONE;0.0;1.0;10.5;gio;2024-09-26 20:40:50.931285;il cotto è per il claudio, piadine per il don;0;0;0;1;0;0;0;0;0;0;0;0;0;3;0;0;0;0
cli:166;DONE;0.0;1.0;10.5;gio;2024-09-26 20:42:26.283108;;0;0;0;1;0;0;0;0;0;2;0;1;0;0;0;0;0;0
cli:167;DONE;0.0;1.0;8.0;gio;2024-09-26 20:43:28.245080;;1;0;0;0;0;0;0;0;0;1;0;1;0;0;0;0;0;0
cli:168;DONE;0.0;1.0;5.5;gio;2024-09-26 20:46:00.787843;tate verdure, è la nascaaa;0;0;0;1;0;0;0;0;0;1;0;0;0;0;0;0;0;0
cli:169;DONE;0.0;0.0;4.0;gio;2024-09-26 20:51:28.804201;senza verdure;0;0;0;1;0;0;0;0;0;0;0;0;0;0;0;0;0;0
cli:170;DONE;0.0;1.0;5.5;gio;2024-09-26 20:58:48.214298;;0;0;0;0;0;0;1;0;0;1;0;0;0;0;0;0;0;0
cli:171;DONE;0.0;0.0;2.5;gio;2024-09-26 21:00:31.261423;;0;0;0;0;0;0;0;0;0;1;0;0;0;0;0;0;0;0
cli:172;DONE;0.0;1.0;5.5;gio;2024-09-26 21:04:35.108203;;1;0;0;0;0;0;0;0;0;0;1;0;0;0;0;0;0;0
cli:173;DONE;2.5;2.5;0.0;gio;2024-09-26 21:07:07.823897;;0;0;0;0;0;0;0;0;0;1;0;0;0;0;0;0;0;0
cli:174;DONE;0.0;0.0;4.0;gio;2024-09-26 21:07:30.844462;;0;0;0;0;0;0;0;0;0;0;0;0;0;0;0;0;1;0
cli:175;DONE;0.0;1.0;5.5;gio;2024-09-26 21:16:35.358626;;1;0;0;0;0;0;0;0;0;1;0;0;0;0;0;0;0;0
cli:176;DONE;0.0;0.0;2.5;gio;2024-09-26 21:17:47.840971;;0;0;0;0;0;0;0;0;0;0;0;0;0;1;0;0;0;0
feder r;DONE;0.0;0.0;4.0;gio;2024-09-26 21:32:56.934488;;1;0;0;0;0;0;0;0;0;0;0;0;0;0;0;0;0;0
cli:178;DONE;4.0;4.0;0.0;gio;2024-09-26 21:40:23.619130;;0;0;0;1;0;0;0;0;0;0;0;0;0;0;0;0;0;0
cli:180;DONE;0.0;0.0;4.0;gio;2024-09-26 21:48:00.902590;sala solo maio no verdure;1;0;0;0;0;0;0;0;0;0;0;0;0;0;0;0;0;0
cli:181;DONE;0.0;0.0;5.0;gio;2024-09-26 21:50:49.010477;;0;0;0;0;0;0;0;1;0;0;0;0;0;0;0;0;0;0
cli:181 ;DONE;0.0;1.0;5.5;gio;2024-09-26 22:04:21.134762;;1;0;0;0;0;0;0;0;0;1;0;0;0;0;0;0;0;0
cli:182;DONE;0.0;2.0;15.0;gio;2024-09-26 22:18:08.478573;;1;0;1;0;1;0;0;0;0;1;0;1;0;0;0;0;0;0
cli:182;DONE;0.0;0.0;4.0;gio;2024-09-26 22:25:26.918251;;1;0;0;0;0;0;0;0;0;0;0;0;0;0;0;0;0;0
cli:183;DONE;0.0;0.0;4.0;gio;2024-09-26 22:25:46.204541;;1;0;0;0;0;0;0;0;0;0;0;0;0;0;0;0;0;0
cli:184;DONE;0.0;1.0;5.5;gio;2024-09-26 22:27:22.467883;no cipolla si peperoni e zucchine;1;0;0;0;0;0;0;0;0;1;0;0;0;0;0;0;0;0
cli:186;DONE;0.5;0.5;2.0;gio;2024-09-26 22:44:40.997950;;0;0;0;0;0;0;0;0;0;1;0;0;0;0;0;0;0;0
cli:187;DONE;0.5;0.5;2.0;gio;2024-09-26 22:45:55.504794;;0;0;0;0;0;0;0;0;0;1;0;0;0;0;0;0;0;0
cli:1837;DONE;0.5;0.5;2.0;gio;2024-09-26 22:46:37.782102;;0;0;0;0;0;0;0;0;0;0;0;1;0;0;0;0;0;0
cli:188;DONE;1.5;1.5;6.0;gio;2024-09-26 22:49:20.579730;;0;0;0;0;0;0;0;0;0;2;0;1;0;0;0;0;0;0
cli:189;DONE;0.0;0.0;5.0;gio;2024-09-26 22:53:53.392863;;0;0;0;0;0;0;0;0;0;2;0;0;0;0;0;0;0;0
cli:190;DONE;0.5;0.5;2.0;gio;2024-09-26 22:58:43.461421;;0;0;0;0;0;0;0;0;0;0;0;0;0;1;0;0;0;0
cli:191;DONE;10.0;10.0;5.0;gio;2024-09-26 22:59:41.007805;;0;0;0;0;0;0;0;0;0;0;0;0;0;0;0;0;0;5
cli:192;DONE;3.0;3.0;0.0;gio;2024-09-26 23:01:40.880740;;0;0;0;0;0;0;0;0;0;0;0;0;0;0;0;0;0;1
cli:193;DONE;0.5;0.5;2.0;gio;2024-09-26 23:04:23.483206;;0;0;0;0;0;0;0;0;0;1;0;0;0;0;0;0;0;0
cli:194;DONE;0.5;0.5;2.0;gio;2024-09-26 23:05:57.411957;;0;0;0;0;0;0;0;0;0;1;0;0;0;0;0;0;0;0
cli:195;DONE;0.5;0.5;2.0;gio;2024-09-26 23:07:39.466590;;0;0;0;0;0;0;0;0;0;0;0;0;0;1;0;0;0;0
cli:196;DONE;2.0;2.0;1.0;gio;2024-09-26 23:08:35.779444;;0;0;0;0;0;0;0;0;0;0;0;0;0;0;0;0;0;1
cli:197;DONE;0.5;0.5;2.0;gio;2024-09-26 23:29:24.072032;;0;0;0;0;0;0;0;0;0;1;0;0;0;0;0;0;0;0
cli:199;DONE;1.0;1.0;0.0;ven;2024-09-27 18:52:59.926768;siete BRAVISSIMIIIIIIIIII (non l'ha detto il Claudio);0;0;0;0;0;0;0;0;0;0;0;0;0;0;1;0;0;0
cli:199;DONE;1.0;1.0;0.0;ven;2024-09-27 18:53:26.123656;siete un pò meno bravi;0;0;0;0;0;0;0;0;0;0;0;0;0;0;1;0;0;0
cli:200;DONE;0.0;0.0;5.0;ven;2024-09-27 19:07:56.197404;;0;0;0;0;0;0;0;0;0;2;0;0;0;0;0;0;0;0
cli:201;DONE;0.0;0.0;4.0;ven;2024-09-27 19:12:07.786738;senza cipolle;1;0;0;0;0;0;0;0;0;0;0;0;0;0;0;0;0;0
cli:202;DONE;0.0;0.0;2.5;ven;2024-09-27 19:16:30.942367;;0;0;0;0;0;0;0;0;0;1;0;0;0;0;0;0;0;0
cli:203;DONE;0.0;2.0;19.0;ven;2024-09-27 19:18:03.892902;salamella senza verdure,;1;0;1;0;0;0;0;1;0;2;0;0;0;0;0;0;0;1
cli:204;DONE;0.0;1.0;5.5;ven;2024-09-27 19:18:46.055166;;0;0;1;0;0;0;0;0;0;1;0;0;0;0;0;0;0;0
cli:205;DONE;0.0;1.0;9.5;ven;2024-09-27 19:19:38.208724;;1;0;0;0;0;0;0;0;0;1;0;0;0;0;0;0;1;0
cli:206;DONE;0.0;1.0;9.5;ven;2024-09-27 19:19:55.440615;;0;0;1;0;0;0;0;0;0;1;0;0;0;0;0;0;1;0
cli:207;DONE;0.0;0.0;28.0;ven;2024-09-27 19:20:58.028369;;3;0;0;0;2;0;0;0;0;0;0;0;0;0;0;0;2;0
cli:207;DONE;0.0;0.0;10.0;ven;2024-09-27 19:26:22.537817;;0;0;0;0;0;0;0;0;0;4;0;0;0;0;0;0;0;0
cli:209;DONE;0.0;1.0;7.5;ven;2024-09-27 19:27:50.119023;;0;0;0;0;0;0;0;0;1;0;1;0;0;0;0;0;0;0
cli:210;DONE;0.0;1.0;9.5;ven;2024-09-27 19:28:33.208233;no cetriolini;0;0;0;0;0;0;0;1;0;1;0;0;0;0;0;0;0;1
cli:211;DONE;0.0;1.0;9.5;ven;2024-09-27 19:29:33.152758;no zucchine, una sala con maio;2;0;0;0;0;0;0;0;0;1;0;0;0;0;0;0;0;0
cli:1974;DONE;0.0;0.0;4.0;ven;2024-09-27 19:30:20.383414;maio no verdure;1;0;0;0;0;0;0;0;0;0;0;0;0;0;0;0;0;0
cli:213;DONE;0.0;1.0;11.5;ven;2024-09-27 19:31:19.855601;;0;0;0;0;0;0;0;2;0;0;1;0;0;0;0;0;0;0
cli:214;DONE;0.0;0.0;5.5;ven;2024-09-27 19:31:52.796736;;0;0;0;0;0;0;0;0;0;0;0;1;0;0;0;0;0;1
cli:215;DONE;0.0;1.0;5.5;ven;2024-09-27 19:32:30.127414;no verdure, ketc per pnino e pata;1;0;0;0;0;0;0;0;0;1;0;0;0;0;0;0;0;0
cli:216;DONE;0.0;2.0;15.0;ven;2024-09-27 19:33:31.529145;;1;0;0;0;1;0;0;0;0;2;0;0;0;0;0;0;1;0
cli:217;TODO;0.0;2.0;12.0;ven;2024-09-27 19:34:45.983035;no cetrio su ham;0;0;0;0;1;0;0;1;0;2;0;0;0;0;0;0;0;0
cli:218;TODO;0.0;0.0;4.0;ven;2024-09-27 19:36:28.364044;no verdure;0;0;0;1;0;0;0;0;0;0;0;0;0;0;0;0;0;0
cli:219;TODO;0.0;1.0;5.5;ven;2024-09-27 19:38:19.791368;no verdure;0;0;0;0;1;0;0;0;0;1;0;0;0;0;0;0;0;0
cli:220;TODO;0.0;3.0;23.5;ven;2024-09-27 19:41:26.705769;;1;1;0;0;1;0;0;0;0;2;0;1;0;0;0;0;1;1
cli:221;TODO;0.0;1.0;5.5;ven;2024-09-27 19:43:08.980858;;0;0;0;0;1;0;0;0;0;1;0;0;0;0;0;0;0;0
cli:222;TODO;0.0;1.0;6.5;ven;2024-09-27 19:43:25.671217;;0;0;0;0;0;0;0;1;0;1;0;0;0;0;0;0;0;0
cli:223;TODO;0.0;1.0;6.5;ven;2024-09-27 19:44:05.111046;;0;0;0;0;0;0;0;1;0;1;0;0;0;0;0;0;0;0
cli:224;TODO;0.0;1.0;7.5;ven;2024-09-27 19:44:55.851854;;0;0;0;0;0;0;0;0;1;1;0;0;0;0;0;0;0;0
cli:225;TODO;0.0;1.0;6.5;ven;2024-09-27 19:46:17.450403;;0;0;0;0;0;0;0;1;0;1;0;0;0;0;0;0;0;0
cli:226;TODO;0.0;1.0;5.5;ven;2024-09-27 19:47:23.056768;;0;0;0;0;1;0;0;0;0;1;0;0;0;0;0;0;0;0
cli:227;TODO;0.0;0.0;4.0;ven;2024-09-27 19:47:58.126686;no verdure;1;0;0;0;0;0;0;0;0;0;0;0;0;0;0;0;0;0
cli:228;TODO;0.0;1.0;5.5;ven;2024-09-27 19:48:38.007205;;0;0;0;0;1;0;0;0;0;1;0;0;0;0;0;0;0;0
cli:229;TODO;0.0;0.0;4.0;ven;2024-09-27 19:49:27.912419;;0;0;0;0;1;0;0;0;0;0;0;0;0;0;0;0;0;0
cli:230;TODO;0.0;0.0;4.0;ven;2024-09-27 19:49:48.458110;;0;0;0;0;1;0;0;0;0;0;0;0;0;0;0;0;0;0
cli:231;TODO;0.0;0.0;4.0;ven;2024-09-27 19:50:38.267033;;0;0;0;0;1;0;0;0;0;0;0;0;0;0;0;0;0;0
cli:232;TODO;0.0;0.0;4.0;ven;2024-09-27 19:50:53.539821;;0;0;0;0;1;0;0;0;0;0;0;0;0;0;0;0;0;0
cli:233;TODO;0.0;0.0;8.0;ven;2024-09-27 19:51:19.669245;;0;0;0;0;1;0;1;0;0;0;0;0;0;0;0;0;0;0
cli:234;TODO;0.0;1.0;5.5;ven;2024-09-27 19:51:48.267937;no verduer;1;0;0;0;0;0;0;0;0;1;0;0;0;0;0;0;0;0
cli:235;TODO;0.0;0.0;4.0;ven;2024-09-27 19:52:40.275232;;0;0;0;1;0;0;0;0;0;0;0;0;0;0;0;0;0;0
cli:236;TODO;0.0;0.0;4.0;ven;2024-09-27 19:53:00.948406;;1;0;0;0;0;0;0;0;0;0;0;0;0;0;0;0;0;0
cli:237;TODO;0.0;1.0;9.5;ven;2024-09-27 19:53:58.793940;don ric;1;0;0;0;0;0;0;0;0;1;0;0;0;0;0;0;1;0
cli:238;TODO;0.0;0.0;5.5;ven;2024-09-27 19:54:16.745971;;0;0;0;0;0;0;0;0;0;0;1;0;0;0;0;0;0;1
cli:239;TODO;0.0;2.0;11.0;ven;2024-09-27 19:54:56.143838;;0;0;0;0;2;0;0;0;0;2;0;0;0;0;0;0;0;0
cli:240;TODO;0.0;1.0;9.5;ven;2024-09-27 19:55:37.621856;;2;0;0;0;0;0;0;0;0;1;0;0;0;0;0;0;0;0
cli:241;TODO;0.0;1.0;7.5;ven;2024-09-27 19:56:22.136668;;0;0;0;0;0;0;0;0;1;0;1;0;0;0;0;0;0;0
cli:242;TODO;0.0;0.0;4.0;ven;2024-09-27 19:56:37.161365;;0;0;0;0;1;0;0;0;0;0;0;0;0;0;0;0;0;0
cli:243;TODO;0.0;1.0;11.5;ven;2024-09-27 19:58:08.687016;;0;0;0;0;1;0;0;0;1;1;0;0;0;0;0;0;0;0
cli:244;TODO;0.0;4.0;22.0;ven;2024-09-27 19:58:24.111855;;4;0;0;0;0;0;0;0;0;4;0;0;0;0;0;0;0;0
cli:246;TODO;0.0;1.0;5.5;ven;2024-09-27 20:00:31.893034;;1;0;0;0;0;0;0;0;0;1;0;0;0;0;0;0;0;0
cli:247;TODO;0.0;1.0;10.5;ven;2024-09-27 20:01:39.412735;;0;0;0;0;1;0;0;0;0;2;0;1;0;0;0;0;0;0
cli:248;TODO;0.0;1.0;5.5;ven;2024-09-27 20:02:08.119373;;0;0;0;0;1;0;0;0;0;1;0;0;0;0;0;0;0;0
cli:249;TODO;0.0;1.0;6.5;ven;2024-09-27 20:02:54.098684;no cetrio;0;0;0;0;0;0;0;1;0;0;1;0;0;0;0;0;0;0
cli:250;TODO;0.0;1.0;6.5;ven;2024-09-27 20:03:29.749045;no cetri, no salse;0;0;0;0;0;0;0;1;0;1;0;0;0;0;0;0;0;0
cli:251;TODO;0.0;1.0;9.0;ven;2024-09-27 20:04:08.237908;;0;0;0;0;0;0;0;1;0;1;0;0;0;1;0;0;0;0
cli:252;TODO;0.0;1.0;6.5;ven;2024-09-27 20:05:12.481434;no cetri, no cip, maio su patatine;0;0;0;0;0;0;0;1;0;1;0;0;0;0;0;0;0;0
cli:253;TODO;0.0;1.0;6.5;ven;2024-09-27 20:05:36.693484;no cetrio, pata con maio;0;0;0;0;0;0;0;1;0;1;0;0;0;0;0;0;0;0
cli:254;TODO;0.0;0.0;2.5;ven;2024-09-27 20:06:05.824638;;0;0;0;0;0;0;0;0;0;1;0;0;0;0;0;0;0;0
cli:255;TODO;0.0;0.0;4.0;ven;2024-09-27 20:06:37.503583;no verdu;1;0;0;0;0;0;0;0;0;0;0;0;0;0;0;0;0;0
cli:256;TODO;0.0;0.0;4.0;ven;2024-09-27 20:07:17.918928;;0;0;0;0;1;0;0;0;0;0;0;0;0;0;0;0;0;0
cli:257;TODO;0.0;1.0;7.5;ven;2024-09-27 20:08:34.664613;no ciolle;0;0;0;0;0;0;0;0;1;1;0;0;0;0;0;0;0;0
cli:258;TODO;0.0;1.0;5.5;ven;2024-09-27 20:09:25.570559;;0;0;0;0;1;0;0;0;0;1;0;0;0;0;0;0;0;0
cli:259;TODO;0.0;1.0;5.5;ven;2024-09-27 20:10:15.605362;;0;0;1;0;0;0;0;0;0;0;0;1;0;0;0;0;0;0
cli:260;TODO;0.0;1.0;5.5;ven;2024-09-27 20:10:58.095812;;0;0;0;0;0;0;1;0;0;1;0;0;0;0;0;0;0;0
cli:261;TODO;0.0;1.0;5.5;ven;2024-09-27 20:11:41.307128;;0;0;0;0;0;0;1;0;0;1;0;0;0;0;0;0;0;0
cli:262;TODO;0.0;1.0;10.5;ven;2024-09-27 20:12:47.400428;;1;0;0;0;0;0;0;1;0;1;0;0;0;0;0;0;0;0
cli:263;TODO;0.0;0.0;4.0;ven;2024-09-27 20:13:19.613943;;0;0;0;0;0;0;1;0;0;0;0;0;0;0;0;0;0;0
cli:264;TODO;0.0;0.0;4.0;ven;2024-09-27 20:14:01.574689;;0;0;0;0;0;0;1;0;0;0;0;0;0;0;0;0;0;0
cli:265;TODO;0.0;1.0;5.5;ven;2024-09-27 20:14:41.643046;;0;0;0;0;0;0;1;0;0;1;0;0;0;0;0;0;0;0
cli:266;TODO;0.0;0.0;2.5;ven;2024-09-27 20:14:58.932196;;0;0;0;0;0;0;0;0;0;1;0;0;0;0;0;0;0;0
cli:267;TODO;0.0;1.0;6.5;ven;2024-09-27 20:15:31.873982;;0;0;0;0;0;0;0;1;0;1;0;0;0;0;0;0;0;0
cli:268;TODO;0.0;3.0;20.5;ven;2024-09-27 20:16:35.891643;ham no cip;0;0;0;0;1;0;0;0;2;2;1;0;0;0;0;0;0;0
cli:269;TODO;0.0;1.0;5.5;ven;2024-09-27 20:18:05.054214;;0;0;0;0;1;0;0;0;0;1;0;0;0;0;0;0;0;0
cli:270;TODO;0.0;0.0;4.0;ven;2024-09-27 20:18:55.744515;;0;0;0;1;0;0;0;0;0;0;0;0;0;0;0;0;0;0
cli:271;TODO;0.0;1.0;12.0;ven;2024-09-27 20:19:28.707238;;0;0;0;0;0;1;0;0;0;2;0;0;0;0;0;0;1;0
cli:272;TODO;0.0;2.0;15.0;ven;2024-09-27 20:20:50.261401;;2;0;0;0;0;0;0;0;0;2;0;0;0;0;0;0;1;0
cli:273;TODO;0.0;1.0;6.5;ven;2024-09-27 20:21:18.919572;;0;0;0;0;0;0;0;1;0;1;0;0;0;0;0;0;0;0
cli:274;TODO;0.0;1.0;8.0;ven;2024-09-27 20:21:47.064746;no verd;1;0;0;0;0;0;0;0;0;1;0;0;0;1;0;0;0;0
cli:275;TODO;0.0;1.0;5.5;ven;2024-09-27 20:22:08.731901;;0;0;0;0;1;0;0;0;0;1;0;0;0;0;0;0;0;0
cli:276;TODO;0.0;4.0;23.0;ven;2024-09-27 20:24:47.634679;ham no cip no cetri, sala no verd;1;0;1;0;1;0;0;1;0;4;0;0;0;0;0;0;0;0
cli:277;TODO;0.0;1.0;6.5;ven;2024-09-27 20:25:45.256612;ham solo carne e cip;0;0;0;0;0;0;0;1;0;1;0;0;0;0;0;0;0;0
cli:278;TODO;0.0;1.0;5.5;ven;2024-09-27 20:26:34.415837;;1;0;0;0;0;0;0;0;0;1;0;0;0;0;0;0;0;0
cli:279;TODO;0.0;1.0;5.5;ven;2024-09-27 20:27:25.041317;;1;0;0;0;0;0;0;0;0;1;0;0;0;0;0;0;0;0
cli:279;TODO;0.0;1.0;6.5;ven;2024-09-27 20:27:52.574202;no pomodori;0;0;0;0;0;0;0;1;0;1;0;0;0;0;0;0;0;0
cli:280;TODO;0.0;2.0;19.5;ven;2024-09-27 20:28:45.626176;sala con ketch, ham con maio, una pata con ketch, una pata con maio;1;0;0;0;0;0;0;0;1;2;1;0;0;0;0;0;1;0
cli:281;TODO;0.0;3.0;26.5;ven;2024-09-27 20:30:31.721352;verdure senza speck;0;0;0;0;0;1;0;2;0;2;0;1;0;0;0;0;2;0
cli:282;TODO;0.0;0.0;8.0;ven;2024-09-27 20:31:52.726951;;0;0;0;0;0;0;1;0;0;0;0;0;0;0;0;0;1;0
cli:283;TODO;0.0;1.0;10.5;ven;2024-09-27 20:32:39.797939;;0;0;0;0;0;0;0;1;0;1;0;0;0;0;0;0;1;0
cli:284;TODO;0.0;1.0;5.5;ven;2024-09-27 20:33:12.704413;;1;0;0;0;0;0;0;0;0;1;0;0;0;0;0;0;0;0
cli:285;TODO;0.0;1.0;9.0;ven;2024-09-27 20:33:40.474490;;0;0;0;0;0;0;0;1;0;1;0;0;0;1;0;0;0;0
cli:286;TODO;0.0;1.0;10.5;ven;2024-09-27 20:34:59.194353;no inslata e cetrioli;0;0;0;0;0;0;0;1;0;1;0;0;0;0;0;0;1;0
cli:287;TODO;0.0;1.0;10.5;ven;2024-09-27 20:35:52.546091;;0;0;0;0;0;0;0;0;1;1;0;0;0;0;0;0;0;1
cli:288;TODO;0.0;3.0;25.5;ven;2024-09-27 20:37:09.151094;hamburger solo carne;0;0;1;0;1;0;0;1;0;3;0;0;2;0;0;0;0;1
cli:289;TODO;0.0;1.0;5.5;ven;2024-09-27 20:38:02.965526;;0;0;0;1;0;0;0;0;0;1;0;0;0;0;0;0;0;0
cli:290;TODO;0.0;1.0;5.5;ven;2024-09-27 20:39:30.310205;;0;0;0;1;0;0;0;0;0;1;0;0;0;0;0;0;0;0
cli:291;TODO;0.0;0.0;4.0;ven;2024-09-27 20:39:47.304412;;1;0;0;0;0;0;0;0;0;0;0;0;0;0;0;0;0;0
cli:292;TODO;0.0;1.0;5.5;ven;2024-09-27 20:40:20.872248;no speck;0;0;0;0;0;1;0;0;0;1;0;0;0;0;0;0;0;0
cli:293;TODO;0.0;2.0;19.0;ven;2024-09-27 20:41:34.587405;;2;0;0;0;0;0;1;0;0;2;0;0;0;0;0;0;1;0
cli:294;TODO;0.0;1.0;5.5;ven;2024-09-27 20:42:29.328936;;0;0;0;1;0;0;0;0;0;1;0;0;0;0;0;0;0;0
cli:295;TODO;0.0;2.0;11.0;ven;2024-09-27 20:43:24.878070;;1;0;0;1;0;0;0;0;0;1;0;1;0;0;0;0;0;0
cli:CLAUDIO;TODO;4.0;4.0;0.0;ven;2024-09-27 20:43:39.160004;;0;0;0;1;0;0;0;0;0;0;0;0;0;0;0;0;0;0
cli:297;TODO;0.0;0.0;2.5;ven;2024-09-27 20:44:12.468582;;0;0;0;0;0;0;0;0;0;0;0;0;1;0;0;0;0;0
cli:298;TODO;0.0;1.0;6.5;ven;2024-09-27 20:44:43.591388;;0;0;0;0;0;0;0;1;0;1;0;0;0;0;0;0;0;0
cli:299;DONE;0.0;1.0;13.5;ven;2024-09-27 20:45:22.370582;verdure con speck;1;0;0;0;0;1;0;0;0;1;0;0;0;0;0;0;1;0
cli:300;DONE;0.0;0.0;20.0;ven;2024-09-27 20:47:34.367338;due sala swenza verdure, vege solo verdure;4;0;0;0;0;1;0;0;0;0;0;0;0;0;0;0;0;0
cli:301;DONE;0.0;2.0;19.5;ven;2024-09-27 20:48:26.394627;;0;0;0;0;0;0;0;2;0;2;0;0;1;0;0;0;1;0
cli:302;DONE;0.0;2.0;13.0;ven;2024-09-27 20:49:38.116443;2 hamb senza cip e cetriolini;0;0;0;0;0;0;0;2;0;1;0;1;0;0;0;0;0;0
cli:303;DONE;0.0;1.0;5.5;ven;2024-09-27 20:51:53.954115;;0;0;0;0;0;0;1;0;0;1;0;0;0;0;0;0;0;0
cli:304;DONE;0.0;1.0;10.5;ven;2024-09-27 20:53:37.279939;hamburger solo zucchine, tomino senza speck;0;0;1;0;0;0;0;1;0;1;0;0;0;0;0;0;0;0
cli:305;DONE;0.0;1.0;5.5;ven;2024-09-27 20:54:24.980596;;1;0;0;0;0;0;0;0;0;1;0;0;0;0;0;0;0;0
cli:306;DONE;0.0;0.0;5.0;ven;2024-09-27 20:54:42.841982;ham senza cetriolini;0;0;0;0;0;0;0;1;0;0;0;0;0;0;0;0;0;0
cli:307;DONE;0.0;1.0;5.5;ven;2024-09-27 20:55:25.571020;;0;0;0;0;1;0;0;0;0;1;0;0;0;0;0;0;0;0
cli:308;TODO;0.0;0.0;4.0;ven;2024-09-27 20:55:47.271304;;0;0;0;0;0;0;1;0;0;0;0;0;0;0;0;0;0;0
cli:309;DONE;0.0;1.0;5.5;ven;2024-09-27 20:56:17.280713;;0;0;0;0;1;0;0;0;0;1;0;0;0;0;0;0;0;0
cli:310;DONE;0.0;1.0;5.5;ven;2024-09-27 20:57:14.104637;;0;0;0;0;1;0;0;0;0;1;0;0;0;0;0;0;0;0
cli:311;DONE;0.0;1.0;7.5;ven;2024-09-27 20:58:37.431881;;0;0;0;0;0;0;0;0;1;1;0;0;0;0;0;0;0;0
cli:312;DONE;0.0;1.0;10.0;ven;2024-09-27 21:00:09.865916;no cetriolini si cipolle grigliate;0;0;0;0;0;0;0;0;1;1;0;0;0;1;0;0;0;0
cli:313;TODO;0.0;1.0;7.5;ven;2024-09-27 21:00:48.485025;senza formaggio e cetriolini, si verdure grigliate;0;0;0;0;0;0;0;0;1;1;0;0;0;0;0;0;0;0
cli:314;DONE;0.0;1.0;7.5;ven;2024-09-27 21:02:24.944428;senza cetriolini;0;0;0;0;0;0;0;0;1;1;0;0;0;0;0;0;0;0
cli:315;TODO;0.0;3.0;20.0;ven;2024-09-27 21:06:01.208636;sala con maio, un pata con maio, una sala senza verdure;2;0;0;0;0;0;0;1;0;2;0;1;0;1;0;0;0;0
cli:316;TODO;0.0;2.0;19.0;ven;2024-09-27 21:07:04.817146;;1;2;0;0;0;0;0;0;0;2;0;0;0;0;0;0;1;0
cli:317;TODO;0.0;1.0;5.5;ven;2024-09-27 21:08:11.470312;sono dentro al bar;0;0;0;0;0;0;1;0;0;1;0;0;0;0;0;0;0;0
cli:318;TODO;0.0;1.0;7.5;ven;2024-09-27 21:09:08.789189;;0;0;0;0;0;0;0;0;1;0;1;0;0;0;0;0;0;0
cli:319;DONE;0.0;0.0;4.0;ven;2024-09-27 21:10:07.162224;;0;0;0;0;0;0;1;0;0;0;0;0;0;0;0;0;0;0
cli:320;DONE;0.0;0.0;5.0;ven;2024-09-27 21:10:34.047887;;0;0;0;0;0;0;0;0;0;0;0;0;0;2;0;0;0;0
cli:321;DONE;0.0;1.0;6.5;ven;2024-09-27 21:11:31.511361;senza cipolle e cetriolini;0;0;0;0;0;0;0;1;0;1;0;0;0;0;0;0;0;0
cli:322;DONE;0.0;0.0;2.5;ven;2024-09-27 21:12:25.277676;;0;0;0;0;0;0;0;0;0;1;0;0;0;0;0;0;0;0
cli:323;DONE;0.0;0.0;5.0;ven;2024-09-27 21:13:16.362323;;0;0;0;0;0;0;0;0;0;0;0;0;0;2;0;0;0;0
cli:325;DONE;0.0;1.0;5.5;ven;2024-09-27 21:14:47.074977;;0;0;0;0;1;0;0;0;0;1;0;0;0;0;0;0;0;0
cli:326;DONE;0.0;1.0;8.0;ven;2024-09-27 21:15:53.771676;;1;0;0;0;0;0;0;0;0;1;0;1;0;0;0;0;0;0
cli:326;DONE;0.0;0.0;4.0;ven;2024-09-27 21:17:42.674168;;1;0;0;0;0;0;0;0;0;0;0;0;0;0;0;0;0;0
cli:327;DONE;0.0;0.0;8.0;ven;2024-09-27 21:22:17.287541;;1;0;0;0;0;0;0;0;0;0;0;0;0;0;0;0;1;0
cli:328;DONE;0.0;1.0;9.5;ven;2024-09-27 21:25:05.567263;;2;0;0;0;0;0;0;0;0;1;0;0;0;0;0;0;0;0
cli:329;DONE;0.0;0.0;4.0;ven;2024-09-27 21:30:13.857912;;1;0;0;0;0;0;0;0;0;0;0;0;0;0;0;0;0;0
cli:330;DONE;0.0;0.0;2.5;ven;2024-09-27 21:31:27.237553;;0;0;0;0;0;0;0;0;0;0;0;0;0;1;0;0;0;0
cli:331;DONE;0.0;0.0;9.0;ven;2024-09-27 21:35:27.942321;senza cetriolini;0;0;0;0;0;0;1;1;0;0;0;0;0;0;0;0;0;0
cli:332;DONE;0.0;0.0;5.0;ven;2024-09-27 21:37:10.485018;senza cipolla e ctrioli;0;0;0;0;0;0;0;1;0;0;0;0;0;0;0;0;0;0
cli:333;DONE;0.0;0.0;2.5;ven;2024-09-27 21:37:39.877425;;0;0;0;0;0;0;0;0;0;0;0;0;0;1;0;0;0;0
cli:334;DONE;0.0;0.0;8.0;ven;2024-09-27 21:40:15.549558;;1;0;0;0;0;0;0;0;0;0;0;0;0;0;0;0;1;0
Diego;DONE;1.5;2.5;5.0;ven;2024-09-27 21:40:36.468028;;0;0;0;0;0;0;0;1;0;1;0;0;0;0;0;0;0;0
cli:336;DONE;0.0;0.0;4.0;ven;2024-09-27 21:42:28.893189;;0;0;0;0;0;0;1;0;0;0;0;0;0;0;0;0;0;0
cli:337;DONE;0.0;0.0;5.0;ven;2024-09-27 21:43:53.361918;;0;0;0;0;0;0;0;0;0;0;0;0;0;2;0;0;0;0
cli:338;DONE;0.0;0.0;2.5;ven;2024-09-27 21:45:56.356519;;0;0;0;0;0;0;0;0;0;0;0;0;0;1;0;0;0;0
cli:339;DONE;0.0;1.0;5.5;ven;2024-09-27 21:47:29.304499;;0;1;0;0;0;0;0;0;0;1;0;0;0;0;0;0;0;0
cli:340;DONE;0.0;0.0;4.0;ven;2024-09-27 21:51:10.508079;;0;0;0;0;0;0;1;0;0;0;0;0;0;0;0;0;0;0
cli:341;DONE;0.0;1.0;5.5;ven;2024-09-27 21:51:59.103611;;1;0;0;0;0;0;0;0;0;1;0;0;0;0;0;0;0;0
cli:342;DONE;4.0;4.0;4.0;ven;2024-09-27 21:56:42.701300;;0;0;0;0;0;0;0;0;0;0;0;0;0;0;0;0;2;0
cli:343;DONE;0.0;0.0;4.0;ven;2024-09-27 21:58:18.551436;;0;0;0;0;0;0;0;0;0;0;0;0;0;0;0;0;1;0
cli:344;DONE;0.0;0.0;4.0;ven;2024-09-27 21:58:54.781418;;0;0;0;0;0;0;0;0;0;0;0;0;0;0;0;0;1;0
cli:345;DONE;0.0;1.0;5.5;ven;2024-09-27 22:21:18.696358;solo pep;1;0;0;0;0;0;0;0;0;1;0;0;0;0;0;0;0;0
cli:346;DONE;0.0;0.0;2.5;ven;2024-09-27 22:22:43.709124;;0;0;0;0;0;0;0;0;0;0;0;0;0;1;0;0;0;0
cli:347;DONE;0.0;0.0;2.5;ven;2024-09-27 22:23:03.783072;;0;0;0;0;0;0;0;0;0;0;0;0;0;1;0;0;0;0
cli:348;DONE;0.0;0.0;2.5;ven;2024-09-27 22:27:57.124670;;0;0;0;0;0;0;0;0;0;1;0;0;0;0;0;0;0;0
cli:349;DONE;0.0;0.0;2.5;ven;2024-09-27 22:30:34.557463;;0;0;0;0;0;0;0;0;0;0;0;0;0;1;0;0;0;0
cli:350;DONE;0.0;0.0;2.5;ven;2024-09-27 22:31:34.918167;;0;0;0;0;0;0;0;0;0;1;0;0;0;0;0;0;0;0
cli:351;DONE;0.0;0.0;4.0;ven;2024-09-27 22:33:35.981224;;0;0;0;0;0;0;0;0;0;0;0;0;0;0;0;0;1;0
cli:353;DONE;0.0;0.0;2.5;ven;2024-09-27 22:35:23.004160;;0;0;0;0;0;0;0;0;0;1;0;0;0;0;0;0;0;0
cli:353;DONE;0.0;0.0;4.0;ven;2024-09-27 22:36:05.544940;;0;0;0;0;1;0;0;0;0;0;0;0;0;0;0;0;0;0
cli:354;DONE;0.0;0.0;4.0;ven;2024-09-27 22:37:32.185773;;0;0;0;0;0;0;0;0;0;0;0;0;0;0;0;0;1;0
cli:355;DONE;0.0;0.0;2.5;ven;2024-09-27 22:46:24.804467;;0;0;0;0;0;0;0;0;0;1;0;0;0;0;0;0;0;0
cli:356;DONE;0.0;1.0;5.5;ven;2024-09-27 22:48:41.636557;sala no verd con pomo;1;0;0;0;0;0;0;0;0;1;0;0;0;0;0;0;0;0
cli:357;DONE;0.0;1.0;9.5;ven;2024-09-27 22:52:01.146850;;0;1;0;0;0;0;0;0;0;1;0;0;0;0;0;0;1;0
cli:358;DONE;0.0;0.0;5.0;ven;2024-09-27 22:57:15.117171;;0;0;0;0;0;0;0;0;0;1;0;1;0;0;0;0;0;0
cli:359;DONE;0.0;0.0;8.0;ven;2024-09-27 23:00:30.769867;;0;0;0;0;0;0;0;0;0;0;0;0;0;0;0;0;2;0
cli:360;DONE;0.5;0.5;2.0;ven;2024-09-27 23:03:11.637978;;0;0;0;0;0;0;0;0;0;1;0;0;0;0;0;0;0;0
cli:361;DONE;0.0;0.0;5.0;ven;2024-09-27 23:06:11.594128;;0;0;0;0;0;0;0;0;0;2;0;0;0;0;0;0;0;0
cli:363;DONE;0.5;1.5;6.0;ven;2024-09-27 23:08:15.169744;;0;0;0;0;0;0;0;1;0;1;0;0;0;0;0;0;0;0
cli:363;DONE;0.5;0.5;2.0;ven;2024-09-27 23:08:29.318558;;0;0;0;0;0;0;0;0;0;1;0;0;0;0;0;0;0;0
cli:364;DONE;0.5;0.5;2.0;ven;2024-09-27 23:11:08.712861;;0;0;0;0;0;0;0;0;0;1;0;0;0;0;0;0;0;0
cli:365;DONE;0.0;0.0;13.0;ven;2024-09-27 23:14:10.690950;brie;0;0;0;0;0;0;0;1;0;0;0;0;0;0;0;0;2;0
cli:367;DONE;0.5;1.5;9.0;ven;2024-09-27 23:16:02.279388;;0;0;0;0;1;0;0;0;0;1;0;0;0;0;0;0;1;0
cli:367;DONE;1.0;1.0;3.0;ven;2024-09-27 23:17:22.287378;PAGA GIO IL RESTO;0;0;0;0;0;0;0;0;0;0;0;0;0;0;0;0;1;0
cli:368;DONE;0.5;0.5;2.0;ven;2024-09-27 23:18:05.456007;;0;0;0;0;0;0;0;0;0;1;0;0;0;0;0;0;0;0
cli:369;DONE;1.0;1.0;4.0;ven;2024-09-27 23:22:03.727108;;0;0;0;0;0;0;0;0;0;1;1;0;0;0;0;0;0;0
cli:370;DONE;0.0;0.0;6.5;ven;2024-09-27 23:26:38.819288;;0;0;0;0;0;0;0;0;0;0;0;1;0;0;0;0;1;0
cli:372;DONE;1.0;1.0;1.5;ven;2024-09-27 23:36:49.658413;;0;0;0;0;0;0;0;0;0;1;0;0;0;0;0;0;0;0
cli:373;DONE;1.5;1.5;1.0;ven;2024-09-27 23:39:40.911848;;0;0;0;0;0;0;0;0;0;1;0;0;0;0;0;0;0;0
cli:373;DONE;1.5;1.5;1.0;ven;2024-09-27 23:40:06.619636;;0;0;0;0;0;0;0;0;0;1;0;0;0;0;0;0;0;0
cli:374;DONE;1.5;1.5;1.0;ven;2024-09-27 23:40:33.517733;;0;0;0;0;0;0;0;0;0;0;0;1;0;0;0;0;0;0
cli:375;DONE;3.0;3.0;2.0;ven;2024-09-27 23:42:57.813835;;0;0;0;0;0;0;0;0;0;0;1;1;0;0;0;0;0;0
cli:377;DONE;0.0;0.0;3.0;dom;2024-09-29 18:01:31.892921;pERUGINI FATTO MI DEVE 3€;0;0;0;0;0;0;0;0;0;0;0;0;0;0;0;0;0;1
cli:377;DONE;0.0;0.0;15.0;dom;2024-09-29 18:05:17.810962;5 PER IL DON;0;0;0;0;0;0;0;0;0;0;0;0;0;0;0;0;0;5
cli:378;DONE;0.0;0.0;6.0;dom;2024-09-29 18:08:22.108574;;0;0;0;0;0;0;0;0;0;0;0;0;0;0;0;0;0;2
cli:379;DONE;0.0;0.0;3.0;dom;2024-09-29 18:08:36.299906;;0;0;0;0;0;0;0;0;0;0;0;0;0;0;0;0;0;1
cli:380;DONE;0.0;0.0;3.0;dom;2024-09-29 18:08:50.988939;;0;0;0;0;0;0;0;0;0;0;0;0;0;0;0;0;0;1
cli:381;DONE;0.0;0.0;3.0;dom;2024-09-29 18:09:41.466362;;0;0;0;0;0;0;0;0;0;0;0;0;0;0;0;0;0;1
cli:382;DONE;0.0;0.0;3.0;dom;2024-09-29 18:13:29.018383;;0;0;0;0;0;0;0;0;0;0;0;0;0;0;0;0;0;1
cli:383;DONE;0.0;0.0;6.0;dom;2024-09-29 18:13:32.581751;;0;0;0;0;0;0;0;0;0;0;0;0;0;0;0;0;0;2
cli:384;DONE;0.0;0.0;3.0;dom;2024-09-29 18:19:18.580838;;0;0;0;0;0;0;0;0;0;0;0;0;0;0;0;0;0;1
cli:385;DONE;0.0;0.0;2.5;dom;2024-09-29 18:25:28.976442;;0;0;0;0;0;0;0;0;0;0;0;0;0;1;0;0;0;0
cli:386;DONE;0.0;0.0;3.0;dom;2024-09-29 18:35:21.718436;;0;0;0;0;0;0;0;0;0;0;0;0;0;0;0;0;0;1
cli:387;DONE;0.0;0.0;12.0;dom;2024-09-29 18:36:42.580919;;0;0;0;0;0;0;0;0;0;0;0;0;0;0;0;0;0;4
cli:388;DONE;0.0;0.0;3.0;dom;2024-09-29 18:37:47.343385;;0;0;0;0;0;0;0;0;0;0;0;0;0;0;0;0;0;1
cli:389;DONE;0.0;1.0;13.5;dom;2024-09-29 18:54:51.536268;metti le verdure nello speck e brie, 1 ansia=sala;1;1;0;0;1;0;0;0;0;1;0;0;0;0;0;0;0;0
cli:390;DONE;0.0;1.0;17.5;dom;2024-09-29 18:56:41.636234;lo speck da solo;1;1;0;0;0;0;1;0;0;1;0;0;0;0;0;0;1;0
cli:391;DONE;0.0;2.0;19.0;dom;2024-09-29 18:57:43.237176;;0;0;1;1;2;0;0;0;0;2;0;0;0;0;0;0;0;0
cli:392;DONE;0.0;0.0;4.0;dom;2024-09-29 19:03:20.835487;;0;0;0;0;0;0;1;0;0;0;0;0;0;0;0;0;0;0
cli:393;DONE;0.0;1.0;13.5;dom;2024-09-29 19:05:02.426383;;1;1;0;0;0;0;0;0;0;1;0;0;0;0;0;0;1;0
cli:394;DONE;0.0;3.0;23.0;dom;2024-09-29 19:15:27.961452;;0;0;0;0;0;0;1;0;2;1;1;2;0;0;0;0;0;0
cli:395;DONE;0.0;0.0;5.0;dom;2024-09-29 19:16:08.748745;;0;0;0;0;0;0;0;0;0;2;0;0;0;0;0;0;0;0
cli:396;DONE;0.0;0.0;44.0;dom;2024-09-29 19:17:03.740141;;0;0;8;0;0;0;0;0;0;0;0;0;0;0;0;0;3;0
cli:397;DONE;0.0;1.0;6.5;dom;2024-09-29 19:17:27.210946;kecthup nelle pata;0;0;0;0;0;0;0;1;0;1;0;0;0;0;0;0;0;0
cli:398;DONE;0.0;2.0;17.5;dom;2024-09-29 19:18:28.660094;;0;2;0;0;0;0;0;0;0;3;0;0;0;0;0;0;1;0
cli:399;DONE;0.0;2.0;17.0;dom;2024-09-29 19:19:33.622256;;1;0;0;0;0;0;0;2;0;0;0;2;0;0;0;0;0;0
cli:400;DONE;0.0;0.0;4.0;dom;2024-09-29 19:19:55.172171;;0;0;0;0;0;0;0;0;0;0;0;0;0;0;0;0;1;0
cli:401;DONE;0.0;2.0;19.0;dom;2024-09-29 19:24:46.197010;niente pane per tomino e speckfontina ne vegeta;1;0;1;0;1;1;0;0;0;2;0;0;0;0;0;0;0;0
cli:402;DONE;0.0;0.0;4.0;dom;2024-09-29 19:26:48.638231;1 ansia;1;0;0;0;0;0;0;0;0;0;0;0;0;0;0;0;0;0
cli:403;DONE;0.0;1.0;32.5;dom;2024-09-29 19:29:25.150514;;3;0;3;0;0;0;0;0;0;0;0;1;0;0;0;0;1;1
cli:404;DONE;0.0;0.0;4.0;dom;2024-09-29 19:31:30.776129;;0;0;1;0;0;0;0;0;0;0;0;0;0;0;0;0;0;0
cli:405;DONE;0.0;0.0;5.0;dom;2024-09-29 19:32:46.332908;ketchup nelle patate;0;0;0;0;0;0;0;0;0;1;0;1;0;0;0;0;0;0
cli:406;DONE;0.0;1.0;5.5;dom;2024-09-29 19:38:21.756057;;1;0;0;0;0;0;0;0;0;1;0;0;0;0;0;0;0;0
cli:407;DONE;0.0;1.0;5.5;dom;2024-09-29 19:38:38.415403;maionese nelle pata;1;0;0;0;0;0;0;0;0;1;0;0;0;0;0;0;0;0
cli:408;DONE;0.0;1.0;5.5;dom;2024-09-29 19:39:27.969038;;1;0;0;0;0;0;0;0;0;1;0;0;0;0;0;0;0;0
cli:409;DONE;0.0;1.0;5.5;dom;2024-09-29 19:40:12.120357;;1;0;0;0;0;0;0;0;0;1;0;0;0;0;0;0;0;0
cli:410;DONE;0.0;0.0;4.0;dom;2024-09-29 19:40:58.000889;;0;0;0;0;0;0;0;0;0;0;0;0;0;0;0;0;1;0
cli:411;DONE;0.0;1.0;10.5;dom;2024-09-29 19:46:50.899421;;0;0;0;0;0;1;0;1;0;1;0;0;0;0;0;0;0;0
cli:412;DONE;0.0;1.0;5.5;dom;2024-09-29 19:48:34.462992;;1;0;0;0;0;0;0;0;0;1;0;0;0;0;0;0;0;0
cli:413;DONE;0.0;1.0;5.5;dom;2024-09-29 19:49:14.907499;;1;0;0;0;0;0;0;0;0;1;0;0;0;0;0;0;0;0
cli:414;DONE;0.0;3.0;16.5;dom;2024-09-29 19:52:11.496815;tutte sala senza verdure;3;0;0;0;0;0;0;0;0;3;0;0;0;0;0;0;0;0
cli:415;DONE;0.0;1.0;6.5;dom;2024-09-29 19:53:46.512591;;0;0;0;0;0;0;0;1;0;0;1;0;0;0;0;0;0;0
cli:416;DONE;0.0;0.0;4.0;dom;2024-09-29 19:57:47.813161;sala senza verdure;1;0;0;0;0;0;0;0;0;0;0;0;0;0;0;0;0;0
cli:417;DONE;0.0;0.0;4.0;dom;2024-09-29 19:57:58.064193;sala senza verdure;1;0;0;0;0;0;0;0;0;0;0;0;0;0;0;0;0;0
cli:418;DONE;0.0;4.0;26.0;dom;2024-09-29 20:05:07.908165;ricordate le verdure;1;1;2;0;0;0;0;0;0;3;0;1;0;0;0;0;1;0
cli:419;DONE;4.0;4.0;0.0;dom;2024-09-29 20:05:35.990329;;0;0;0;0;0;0;0;0;0;0;0;0;0;0;0;0;1;0
cli:420;DONE;0.0;1.0;5.5;dom;2024-09-29 20:07:18.071762;;0;1;0;0;0;0;0;0;0;1;0;0;0;0;0;0;0;0
cli:421;DONE;0.0;3.0;23.5;dom;2024-09-29 20:13:39.338825;;2;0;0;0;0;0;0;1;1;1;0;2;0;0;0;0;0;0
cli:422;DONE;0.0;2.0;25.0;dom;2024-09-29 20:15:17.181476;2 sala = ansia;2;0;0;0;0;0;0;2;0;1;0;0;0;1;0;0;1;0
cli:423;DONE;0.0;2.0;26.5;dom;2024-09-29 20:17:14.154394;;1;0;1;0;0;0;0;0;0;2;1;0;0;2;0;0;2;0
cli:424;DONE;0.0;1.0;14.5;dom;2024-09-29 20:18:29.776903;cvegeta con tomino;0;0;0;0;0;1;0;0;0;1;1;1;0;0;0;0;1;0
cli:425;DONE;0.0;1.0;5.5;dom;2024-09-29 20:19:28.646079;;1;0;0;0;0;0;0;0;0;1;0;0;0;0;0;0;0;0
cli:426;DONE;0.0;2.0;13.0;dom;2024-09-29 20:20:16.950433;all ham senza cipolle e  cetriolini;0;0;0;0;0;0;0;2;0;1;0;1;0;0;0;0;0;0
cli:427;DONE;0.0;1.0;5.5;dom;2024-09-29 20:22:15.454199;;0;0;0;0;1;0;0;0;0;1;0;0;0;0;0;0;0;0
cli:428;DONE;0.0;0.0;8.0;dom;2024-09-29 20:22:47.584037;con verdure;0;0;0;2;0;0;0;0;0;0;0;0;0;0;0;0;0;0
NASCA-429;DONE;0.0;1.0;5.5;dom;2024-09-29 20:23:56.530444;con verdre;0;0;0;1;0;0;0;0;0;1;0;0;0;0;0;0;0;0
cli:430;DONE;0.0;0.0;8.0;dom;2024-09-29 20:25:36.372750;;1;0;0;0;0;0;1;0;0;0;0;0;0;0;0;0;0;0
cli:431;DONE;0.0;7.0;112.0;dom;2024-09-29 20:37:56.471800;tornei di calcio, non fare;7;0;0;0;0;0;0;0;0;21;0;0;0;0;7;21;0;0
cli:432;DONE;0.0;1.0;7.5;dom;2024-09-29 20:40:07.947292;senza cipolla;0;0;0;0;0;0;0;0;1;1;0;0;0;0;0;0;0;0
cli:433;DONE;0.0;1.0;5.5;dom;2024-09-29 20:40:39.262984;;1;0;0;0;0;0;0;0;0;1;0;0;0;0;0;0;0;0
cli:434;DONE;0.0;2.0;11.0;dom;2024-09-29 20:41:50.511406;;0;0;0;0;2;0;0;0;0;2;0;0;0;0;0;0;0;0
cli:435;DONE;0.0;0.0;12.0;dom;2024-09-29 20:43:54.725065;con verdure e kechup e maio, vehgeta con fontina;1;1;0;0;0;1;0;0;0;0;0;0;0;0;0;0;0;0
cli:436;DONE;0.0;1.0;5.5;dom;2024-09-29 20:44:45.888028;no cipolle, no peperoni SI zucchine;1;0;0;0;0;0;0;0;0;1;0;0;0;0;0;0;0;0
cli:437;DONE;0.0;0.0;4.0;dom;2024-09-29 20:45:05.955747;sala senza cipolle;1;0;0;0;0;0;0;0;0;0;0;0;0;0;0;0;0;0
cli:438;DONE;0.0;0.0;4.0;dom;2024-09-29 20:46:37.909593;con ketchup;1;0;0;0;0;0;0;0;0;0;0;0;0;0;0;0;0;0
cli:439;DONE;0.0;0.0;8.0;dom;2024-09-29 20:48:22.991965;1 solo sala  con ketchup, seconda senza cipolla con kecthup;2;0;0;0;0;0;0;0;0;0;0;0;0;0;0;0;0;0
cli:440;DONE;0.0;0.0;4.0;dom;2024-09-29 20:48:51.917383;;0;0;0;0;0;0;0;0;0;0;0;0;0;0;0;0;1;0
cli:441;DONE;0.0;0.0;4.0;dom;2024-09-29 20:48:54.981587;;0;0;0;0;0;0;0;0;0;0;0;0;0;0;0;0;1;0
cli:442;DONE;0.0;1.0;7.5;dom;2024-09-29 20:49:40.725375;maionese nelle pata;0;0;0;0;0;0;0;0;1;1;0;0;0;0;0;0;0;0
cli:443;DONE;0.0;0.0;2.5;dom;2024-09-29 20:50:00.901160;ketchup;0;0;0;0;0;0;0;0;0;1;0;0;0;0;0;0;0;0
cli:444;DONE;0.0;1.0;7.5;dom;2024-09-29 20:51:01.959854;;0;0;0;0;0;0;0;0;1;1;0;0;0;0;0;0;0;0
cli:445;DONE;0.0;0.0;4.0;dom;2024-09-29 20:52:45.746211;;1;0;0;0;0;0;0;0;0;0;0;0;0;0;0;0;0;0
cli:446;DONE;0.0;0.0;5.0;dom;2024-09-29 20:53:57.143631;;0;0;0;0;0;0;0;1;0;0;0;0;0;0;0;0;0;0
cli:447;DONE;0.0;0.0;5.0;dom;2024-09-29 20:54:14.845690;;0;0;0;0;0;0;0;1;0;0;0;0;0;0;0;0;0;0
cli:448;DONE;0.0;1.0;5.5;dom;2024-09-29 20:54:51.632579;sala senza verdure;1;0;0;0;0;0;0;0;0;1;0;0;0;0;0;0;0;0
cli:449;DONE;0.0;1.0;13.5;dom;2024-09-29 20:56:08.289045;sala = 1 ansia;1;0;0;0;1;0;0;0;0;1;0;0;0;0;0;0;1;0
cli:450;DONE;0.0;0.0;2.5;dom;2024-09-29 20:59:43.716619;;0;0;0;0;0;0;0;0;0;0;0;0;0;1;0;0;0;0
cli:452;DONE;0.0;0.0;2.5;dom;2024-09-29 21:06:17.645032;;0;0;0;0;0;0;0;0;0;0;0;0;0;1;0;0;0;0
cli:452;DONE;0.0;1.0;9.5;dom;2024-09-29 21:08:40.935820;;1;0;0;0;0;0;0;0;0;0;1;0;0;0;0;0;1;0
cli:453;DONE;0.0;1.0;12.0;dom;2024-09-29 21:09:47.075639;;1;0;0;0;0;0;0;0;0;1;0;1;0;0;0;0;1;0
cli:454;DONE;0.0;0.0;2.5;dom;2024-09-29 21:10:22.693119;;0;0;0;0;0;0;0;0;0;1;0;0;0;0;0;0;0;0
cli:455;DONE;0.0;0.0;2.5;dom;2024-09-29 21:10:41.946308;;0;0;0;0;0;0;0;0;0;1;0;0;0;0;0;0;0;0
cli:456;DONE;17.5;17.5;0.0;dom;2024-09-29 21:11:38.504853;;0;0;0;0;0;0;0;0;0;7;0;0;0;0;0;0;0;0
cli:457;DONE;0.0;0.0;2.5;dom;2024-09-29 21:12:04.135356;;0;0;0;0;0;0;0;0;0;1;0;0;0;0;0;0;0;0
cli:458;DONE;0.0;1.0;12.5;dom;2024-09-29 21:13:53.480000;ham senza pomodori e cetrioli, double senza cipolle, pomodori, insalata e cetriolini;0;0;0;0;0;0;0;1;1;1;0;0;0;0;0;0;0;0
cli:459;DONE;0.0;0.0;5.0;dom;2024-09-29 21:14:57.975226;ham senza pomodori, insalata e cetrioli;0;0;0;0;0;0;0;1;0;0;0;0;0;0;0;0;0;0
cli:460;DONE;0.0;1.0;5.5;dom;2024-09-29 21:16:13.222741;con salasa rosa l'hot dog;0;0;0;0;1;0;0;0;0;1;0;0;0;0;0;0;0;0
cli:461;DONE;0.0;1.0;6.5;dom;2024-09-29 21:18:41.419805;;0;0;0;0;0;0;0;1;0;1;0;0;0;0;0;0;0;0
cli:462;DONE;0.0;0.0;5.0;dom;2024-09-29 21:18:57.327386;;0;0;0;0;0;0;0;0;0;1;0;1;0;0;0;0;0;0
cli:463;DONE;0.0;0.0;4.0;dom;2024-09-29 21:19:12.408333;;1;0;0;0;0;0;0;0;0;0;0;0;0;0;0;0;0;0
cli:464;DONE;0.0;2.0;11.0;dom;2024-09-29 21:20:18.342065;;2;0;0;0;0;0;0;0;0;2;0;0;0;0;0;0;0;0
cli:465;DONE;0.0;1.0;5.5;dom;2024-09-29 21:21:09.892727;panino con peperoni e salsa barbecue;1;0;0;0;0;0;0;0;0;1;0;0;0;0;0;0;0;0
cli:466;DONE;0.0;0.0;4.0;dom;2024-09-29 21:21:36.569038;con peperoni;1;0;0;0;0;0;0;0;0;0;0;0;0;0;0;0;0;0
cli:467;DONE;0.0;0.0;4.0;dom;2024-09-29 21:22:21.627382;;1;0;0;0;0;0;0;0;0;0;0;0;0;0;0;0;0;0
cli:468;DONE;0.0;1.0;5.5;dom;2024-09-29 21:22:41.318036;;1;0;0;0;0;0;0;0;0;1;0;0;0;0;0;0;0;0
cli:469;DONE;0.0;1.0;13.5;dom;2024-09-29 21:24:00.456505;SPECK CON VERDURE ;2;1;0;0;0;0;0;0;0;1;0;0;0;0;0;0;0;0
cli:470;DONE;0.0;0.0;4.0;dom;2024-09-29 21:24:29.812597;;0;0;0;0;0;0;1;0;0;0;0;0;0;0;0;0;0;0
cli:471;DONE;0.0;1.0;7.5;dom;2024-09-29 21:27:11.406129;;0;0;0;0;0;0;0;0;1;1;0;0;0;0;0;0;0;0
cli:472;DONE;0.0;0.0;2.5;dom;2024-09-29 21:30:37.659826;;0;0;0;0;0;0;0;0;0;0;0;0;0;1;0;0;0;0
cli:473;DONE;0.0;0.0;5.0;dom;2024-09-29 21:46:17.479717;;0;0;0;0;0;0;0;0;0;0;0;0;0;2;0;0;0;0
cli:474;DONE;0.0;0.0;2.5;dom;2024-09-29 21:53:40.210029;;0;0;0;0;0;0;0;0;0;0;0;0;0;1;0;0;0;0
cli:475;DONE;5.5;6.5;0.0;dom;2024-09-29 22:00:44.076192;;1;0;0;0;0;0;0;0;0;1;0;0;0;0;0;0;0;0
cli:476;DONE;4.0;4.0;0.0;dom;2024-09-29 22:01:00.484121;;1;0;0;0;0;0;0;0;0;0;0;0;0;0;0;0;0;0
cli:477;DONE;5.5;6.5;0.0;dom;2024-09-29 22:01:59.819598;;1;0;0;0;0;0;0;0;0;0;1;0;0;0;0;0;0;0
cli:478;DONE;5.5;6.5;0.0;dom;2024-09-29 22:02:27.561906;;1;0;0;0;0;0;0;0;0;0;0;1;0;0;0;0;0;0
cli:479;DONE;0.0;1.0;5.5;dom;2024-09-29 22:03:31.074129;solo salamella;1;0;0;0;0;0;0;0;0;1;0;0;0;0;0;0;0;0
cli:480;DONE;0.0;1.0;5.5;dom;2024-09-29 22:03:56.095582;;1;0;0;0;0;0;0;0;0;1;0;0;0;0;0;0;0;0
cli:481;DONE;5.5;6.5;0.0;dom;2024-09-29 22:04:20.804302;liscio sala;1;0;0;0;0;0;0;0;0;1;0;0;0;0;0;0;0;0
cli:482;DONE;5.5;6.5;0.0;dom;2024-09-29 22:04:48.293539;;0;0;0;0;1;0;0;0;0;1;0;0;0;0;0;0;0;0
cli:483;DONE;0.0;0.0;5.0;dom;2024-09-29 22:05:10.484095;;0;0;0;0;0;0;0;0;0;1;1;0;0;0;0;0;0;0
cli:484;DONE;0.0;1.0;7.5;dom;2024-09-29 22:07:05.611487;;0;0;0;0;0;0;0;0;1;1;0;0;0;0;0;0;0;0
cli:485;DONE;0.0;1.0;7.5;dom;2024-09-29 22:07:40.930999;;0;0;0;0;0;0;0;0;1;1;0;0;0;0;0;0;0;0
cli:486;DONE;0.0;2.0;11.0;dom;2024-09-29 22:10:36.694579;2 sala con barbecue e peperoni, barbecue sulle patatine;2;0;0;0;0;0;0;0;0;2;0;0;0;0;0;0;0;0
cli:487;DONE;0.0;0.0;2.5;dom;2024-09-29 22:12:25.649588;;0;0;0;0;0;0;0;0;0;1;0;0;0;0;0;0;0;0
cli:488;DONE;0.0;1.0;5.5;dom;2024-09-29 22:13:37.765810;;1;0;0;0;0;0;0;0;0;1;0;0;0;0;0;0;0;0
cli:490;DONE;5.0;5.0;0.0;dom;2024-09-29 22:23:50.093689;;0;0;0;0;0;0;0;0;0;2;0;0;0;0;0;0;0;0
cli:491;DONE;5.0;5.0;0.0;dom;2024-09-29 22:26:11.277872;;0;0;0;0;0;0;0;0;0;2;0;0;0;0;0;0;0;0
cli:491;DONE;0.0;0.0;4.0;dom;2024-09-29 22:26:38.122782;;0;0;0;0;0;0;0;0;0;0;0;0;0;0;0;0;1;0
cli:492;DONE;2.5;2.5;0.0;dom;2024-09-29 22:29:53.879719;;0;0;0;0;0;0;0;0;0;1;0;0;0;0;0;0;0;0
cli:494;DONE;3.5;3.5;4.0;dom;2024-09-29 22:37:54.783406;;0;0;0;0;0;0;0;0;0;1;0;2;0;0;0;0;0;0
cli:495;DONE;1.5;1.5;1.0;dom;2024-09-29 22:43:13.359230;;0;0;0;0;0;0;0;0;0;1;0;0;0;0;0;0;0;0
cli:495;DONE;4.0;4.0;2.0;dom;2024-09-29 22:43:45.786972;;0;0;0;0;0;0;0;0;0;0;0;0;0;0;0;0;0;2
cli:497;DONE;3.0;3.0;0.0;dom;2024-09-29 22:45:16.680805;;0;0;0;0;0;0;0;0;0;0;0;0;0;0;0;0;0;1
cli:497;DONE;2.0;2.0;1.0;dom;2024-09-29 22:45:25.807466;;0;0;0;0;0;0;0;0;0;0;0;0;0;0;0;0;0;1
cli:498;DONE;2.0;2.0;1.0;dom;2024-09-29 22:49:39.565933;;0;0;0;0;0;0;0;0;0;0;0;0;0;0;0;0;0;1
cli:499;DONE;0.0;0.0;2.5;dom;2024-09-29 23:09:21.784044;;0;0;0;0;0;0;0;0;0;0;0;0;0;1;0;0;0;0
cli:500;DONE;0.0;0.0;4.0;dom;2024-09-29 23:09:27.721083;;1;0;0;0;0;0;0;0;0;0;0;0;0;0;0;0;0;0
